ClusterID,Macro Cell Type,Micro Cell Type
1,T,CD4+NAIVE
2,T,CD4+NAIVE
3,T,CD8+NAIVE
4,NK,CD56+16+3+NKT
5,T,CD8+NAIVE
6,B,B
8,B,B
9,NKT,NKT
11,T,CD8+EM
12,NK,CD56+16+3+NKT
15,T,CD8+EM
16,T,CD4+CM
19,T,CD4+NAIVE
20,T,CD4+NAIVE
21,mDC,mDC
22,T,CD4+NAIVE
23,MACROPHAGE,MACROPHAGE
24,MONOCYTE,precursor
25,MACROPHAGE,MACROPHAGE
27,MONOCYTE,precursor
28,MACROPHAGE,MACROPHAGE
29,NEUTROPHIL,NEUTROPHIL
30,NK,CD56+16+3-
31,MAST,MAST
35,NK,CD56+16+3-
36,MONOCYTE,MONOCYTE
37,mDC,mDC
38,mDC,mDC
39,B,B
40,MONOCYTE,MONOCYTE
41,pDC,pDC
42,MONOCYTE,precursor
43,T,CD8+NAIVE
44,MAST,MAST
45,T,CD8+EM
46,T,Reg
47,T,CD4+CM
48,B,B
49,MONOCYTE,precursor
50,NK,CD56-16+3-
51,T,CD8+EM
53,B,B
54,MONOCYTE,MONOCYTE
55,B,B
56,T,Reg
57,B,B
58,T,CD8+CM
59,T,CD8+EM
60,T,CD4+NAIVE
61,B,B
62,T,CD8+EM
63,NK,CD56+16+3-
64,MONOCYTE,precursor
65,B,B
66,T,CD4+CM
67,MONOCYTE,MONOCYTE
68,MONOCYTE,MONOCYTE
70,T,CD4+EM
71,T,CD4+EM
72,T,CD8+EM
73,MAST,MAST
74,T,CD8+EM
75,T,CD4+CM
76,T,CD8+EM
77,T,CD8+CM
78,NK,CD56+16+3-
80,T,Reg
81,T,CD4+NAIVE
82,T,Reg
83,T,CD8+EM
84,MONOCYTE,MONOCYTE
85,T,CD8+EM
86,MONOCYTE,MONOCYTE
87,T,Reg
88,NK,CD56+16+3-
89,NEUTROPHIL,NEUTROPHIL
90,B,B
91,MONOCYTE,MONOCYTE
92,NK,CD56+16+3-
93,T,CD4+EM
94,MONOCYTE,MONOCYTE
95,T,CD4+CM
